amphipod,
amphipoda,amphipod
anenome,
barnacle,
bivalve,
bivalves,bivalve
brittle star,
brittle stars,brittle star
caprellid,
caprellids,caprellid
chaet,polychaete
chiton,
coleortera,
copepods,copepod
crab larvae,crab
crabs,crab
crabs count,crabs number
crabs number,crab number
crust,crustacean
crusta,crustacean
cuke,sea cucumber
cumacean,
cyprid,barnacle
fish,
fish larv.,fish
flatworm,
gammarid,
gammarids,gammarid
gammarids number,
gastro,gastropod
gastro.,gastropod
hermit crab,
idotea,
insect,
isopods,isopod
isopods number,
jaerop,isopod
leptostracan,
limpet,
lobster,
lrs,
lrs number,
munnidae,
mysid,
mysids,mysid
nematode,
nemertean,
nudibranch,
octopus,
oligochaete,
opisthob,opistob
opistob,
ostracods,ostracod
pachy,
phoronid,
poly.,polychaete
polychaete,
sea anem,anemone
sea mite,
sea spider,
sea star,
sipunc,
sphaerm,sphaeromatid
sponge,
srs,
srs number,
starfish,sea star
tanaids,tanaid
tube worm,
tunicate,
unid worm,unknown worm
unknown,
unknown isopod,isopod
urchin,
urchin count,
urchins,urchin
urchins number,